{"cameraMode":{"drawMode":0,"name":"Shaded","section":"Shading Mode"},"sceneLighting":true,"audioPlay":false,"sceneViewState":{"showFog":false,"showMaterialUpdate":false,"showSkybox":false,"showFlares":false,"showImageEffects":false,"showParticleSystems":false},"in2DMode":false,"pivot":{"x":16.45001220703125,"y":1.3436082601547242,"z":2.925647735595703},"rotation":{"x":0.4957221746444702,"y":0.19703631103038789,"z":-0.11659081280231476,"w":0.8377627730369568},"size":9.35339069366455,"orthographic":false}