{"cameraMode":{"drawMode":0,"name":"Shaded","section":"Shading Mode"},"sceneLighting":true,"audioPlay":false,"sceneViewState":{"showFog":true,"showMaterialUpdate":false,"showSkybox":false,"showFlares":true,"showImageEffects":true,"showParticleSystems":true},"in2DMode":false,"pivot":{"x":-8.13565444946289,"y":-0.06433266401290894,"z":6.403267860412598},"rotation":{"x":0.5551307201385498,"y":0.03073752298951149,"z":-0.01965414173901081,"w":0.8315871953964233},"size":3.367957353591919,"orthographic":false}