{"cameraMode":{"drawMode":0,"name":"Shaded","section":"Shading Mode"},"sceneLighting":true,"audioPlay":false,"sceneViewState":{"showFog":true,"showMaterialUpdate":false,"showSkybox":false,"showFlares":true,"showImageEffects":true,"showParticleSystems":true},"in2DMode":false,"pivot":{"x":-3.4872939586639406,"y":-4.395300388336182,"z":5.028476238250732},"rotation":{"x":0.4172182083129883,"y":-0.2461448311805725,"z":0.11840636283159256,"w":0.8670015335083008},"size":14.972498893737793,"orthographic":false}