{"cameraMode":{"drawMode":0,"name":"Shaded","section":"Shading Mode"},"sceneLighting":true,"audioPlay":false,"sceneViewState":{"showFog":true,"showMaterialUpdate":false,"showSkybox":true,"showFlares":true,"showImageEffects":true,"showParticleSystems":true},"in2DMode":false,"pivot":{"x":0.5983991026878357,"y":-0.5315179824829102,"z":3.352513074874878},"rotation":{"x":0.6314349174499512,"y":0.004647271707653999,"z":-0.003795008407905698,"w":0.7754371166229248},"size":14.473917961120606,"orthographic":false}