{"cameraMode":{"drawMode":0,"name":"Shaded","section":"Shading Mode"},"sceneLighting":true,"audioPlay":false,"sceneViewState":{"showFog":true,"showMaterialUpdate":false,"showSkybox":true,"showFlares":true,"showImageEffects":true,"showParticleSystems":true},"in2DMode":false,"pivot":{"x":-2.9048120975494386,"y":1.2745075225830079,"z":0.20865917205810548},"rotation":{"x":0.4122610092163086,"y":-0.08453177660703659,"z":0.03845151141285896,"w":0.9063223600387573},"size":5.620186805725098,"orthographic":false}