{"cameraMode":{"drawMode":0,"name":"Shaded","section":"Shading Mode"},"sceneLighting":true,"audioPlay":false,"sceneViewState":{"showFog":true,"showMaterialUpdate":false,"showSkybox":false,"showFlares":true,"showImageEffects":true,"showParticleSystems":true},"in2DMode":false,"pivot":{"x":-0.8177458643913269,"y":-2.633492946624756,"z":3.1358931064605715},"rotation":{"x":0.4354429841041565,"y":0.017295604571700097,"z":-0.008334885351359845,"w":0.9000571966171265},"size":10.18938159942627,"orthographic":false}