{"cameraMode":{"drawMode":0,"name":"Shaded","section":"Shading Mode"},"sceneLighting":true,"audioPlay":false,"sceneViewState":{"showFog":true,"showMaterialUpdate":false,"showSkybox":true,"showFlares":true,"showImageEffects":true,"showParticleSystems":true},"in2DMode":false,"pivot":{"x":-0.9027593731880188,"y":-4.755244255065918,"z":5.062278747558594},"rotation":{"x":0.4964754283428192,"y":0.031237101182341577,"z":-0.01788133755326271,"w":0.8673173189163208},"size":15.804662704467774,"orthographic":false}