{"cameraMode":{"drawMode":0,"name":"Shaded","section":"Shading Mode"},"sceneLighting":true,"audioPlay":false,"sceneViewState":{"showFog":true,"showMaterialUpdate":false,"showSkybox":true,"showFlares":true,"showImageEffects":true,"showParticleSystems":true},"in2DMode":false,"pivot":{"x":-2.669036626815796,"y":-11.511268615722657,"z":7.240621089935303},"rotation":{"x":0.5296263098716736,"y":0.02293184958398342,"z":-0.01422039233148098,"w":0.8479467034339905},"size":21.0290470123291,"orthographic":false}