{"cameraMode":{"drawMode":0,"name":"Shaded","section":"Shading Mode"},"sceneLighting":true,"audioPlay":false,"sceneViewState":{"showFog":true,"showMaterialUpdate":false,"showSkybox":true,"showFlares":true,"showImageEffects":true,"showParticleSystems":true},"in2DMode":false,"pivot":{"x":-1.8498725891113282,"y":-2.4453125,"z":1.3485107421875},"rotation":{"x":0.6931778192520142,"y":-0.003243632148951292,"z":0.0031193059403449299,"w":0.7207532525062561},"size":14.187638282775879,"orthographic":true}