{"cameraMode":{"drawMode":0,"name":"Shaded","section":"Shading Mode"},"sceneLighting":false,"audioPlay":false,"sceneViewState":{"showFog":true,"showMaterialUpdate":false,"showSkybox":false,"showFlares":true,"showImageEffects":true,"showParticleSystems":true},"in2DMode":false,"pivot":{"x":-15.179837226867676,"y":0.9990962743759155,"z":0.10205316543579102},"rotation":{"x":0.42435136437416079,"y":-0.1443006843328476,"z":0.0687665343284607,"w":0.8914151191711426},"size":2.655351161956787,"orthographic":false}