{"cameraMode":{"drawMode":0,"name":"Shaded","section":"Shading Mode"},"sceneLighting":true,"audioPlay":false,"sceneViewState":{"showFog":true,"showMaterialUpdate":false,"showSkybox":true,"showFlares":true,"showImageEffects":true,"showParticleSystems":true},"in2DMode":false,"pivot":{"x":-4.281233787536621,"y":1.0641536712646485,"z":-1.5698318481445313},"rotation":{"x":0.5142682194709778,"y":-0.021867666393518449,"z":0.013150688260793686,"w":0.8573306798934937},"size":12.285634994506836,"orthographic":false}