{"cameraMode":{"drawMode":0,"name":"Shaded","section":"Shading Mode"},"sceneLighting":true,"audioPlay":false,"sceneViewState":{"showFog":true,"showMaterialUpdate":false,"showSkybox":false,"showFlares":true,"showImageEffects":true,"showParticleSystems":true},"in2DMode":false,"pivot":{"x":-5.421472072601318,"y":-1.6515141725540162,"z":-1.8915188312530518},"rotation":{"x":0.5083975791931152,"y":0.05163990333676338,"z":-0.03046157769858837,"w":0.8591777086257935},"size":13.261510848999024,"orthographic":false}