{"cameraMode":{"drawMode":0,"name":"Shaded","section":"Shading Mode"},"sceneLighting":true,"audioPlay":false,"sceneViewState":{"showFog":true,"showMaterialUpdate":false,"showSkybox":true,"showFlares":true,"showImageEffects":true,"showParticleSystems":true},"in2DMode":false,"pivot":{"x":-4.120796203613281,"y":1.763671875,"z":-2.79058837890625},"rotation":{"x":0.7225814461708069,"y":0.018650947138667108,"z":-0.01951766572892666,"w":0.6907745003700256},"size":8.948160171508789,"orthographic":true}