{"cameraMode":{"drawMode":0,"name":"Shaded","section":"Shading Mode"},"sceneLighting":true,"audioPlay":false,"sceneViewState":{"showFog":false,"showMaterialUpdate":false,"showSkybox":false,"showFlares":false,"showImageEffects":false,"showParticleSystems":false},"in2DMode":false,"pivot":{"x":-5.529269218444824,"y":-16.144498825073243,"z":-2.0293493270874025},"rotation":{"x":0.7090502381324768,"y":0.005639996845275164,"z":-0.005816664081066847,"w":0.7052175402641296},"size":18.57054901123047,"orthographic":false}