{"cameraMode":{"drawMode":0,"name":"Shaded","section":"Shading Mode"},"sceneLighting":false,"audioPlay":false,"sceneViewState":{"showFog":false,"showMaterialUpdate":false,"showSkybox":false,"showFlares":false,"showImageEffects":false,"showParticleSystems":false},"in2DMode":false,"pivot":{"x":-0.3827916383743286,"y":1.5761054754257203,"z":0.9889750480651856},"rotation":{"x":0.10911378264427185,"y":-0.20077048242092133,"z":0.02238256298005581,"w":0.9733614921569824},"size":2.953873634338379,"orthographic":false}