{"cameraMode":{"drawMode":0,"name":"Shaded","section":"Shading Mode"},"sceneLighting":true,"audioPlay":false,"sceneViewState":{"showFog":false,"showMaterialUpdate":false,"showSkybox":false,"showFlares":false,"showImageEffects":false,"showParticleSystems":false},"in2DMode":false,"pivot":{"x":14.550355911254883,"y":-1.7050505876541138,"z":2.6851840019226076},"rotation":{"x":-0.17703938484191895,"y":-0.5880838632583618,"z":0.13386012613773347,"w":-0.777772068977356},"size":15.355904579162598,"orthographic":false}