{"cameraMode":{"drawMode":0,"name":"Shaded","section":"Shading Mode"},"sceneLighting":false,"audioPlay":false,"sceneViewState":{"showFog":false,"showMaterialUpdate":false,"showSkybox":false,"showFlares":false,"showImageEffects":false,"showParticleSystems":false},"in2DMode":false,"pivot":{"x":12.973730087280274,"y":-6.133581161499023,"z":12.217178344726563},"rotation":{"x":-0.33638930320739748,"y":-0.02656714618206024,"z":0.009455924853682518,"w":-0.941336452960968},"size":21.166927337646486,"orthographic":false}