{"cameraMode":{"drawMode":0,"name":"Shaded","section":"Shading Mode"},"sceneLighting":true,"audioPlay":false,"sceneViewState":{"showFog":false,"showMaterialUpdate":false,"showSkybox":false,"showFlares":false,"showImageEffects":false,"showParticleSystems":false},"in2DMode":false,"pivot":{"x":-14.114056587219239,"y":-2.2385876178741457,"z":6.621971130371094},"rotation":{"x":0.10911378264427185,"y":-0.20077048242092133,"z":0.02238256298005581,"w":0.9733614921569824},"size":6.907284259796143,"orthographic":false}