{"cameraMode":{"drawMode":0,"name":"Shaded","section":"Shading Mode"},"sceneLighting":true,"audioPlay":false,"sceneViewState":{"showFog":false,"showMaterialUpdate":false,"showSkybox":false,"showFlares":false,"showImageEffects":false,"showParticleSystems":false},"in2DMode":false,"pivot":{"x":3.6409621238708498,"y":-1.002861738204956,"z":5.059434413909912},"rotation":{"x":0.38074687123298647,"y":-0.07977995276451111,"z":0.03289831429719925,"w":0.9207214117050171},"size":30.11998748779297,"orthographic":false}