{"cameraMode":{"drawMode":0,"name":"Shaded","section":"Shading Mode"},"sceneLighting":true,"audioPlay":false,"sceneViewState":{"showFog":false,"showMaterialUpdate":false,"showSkybox":false,"showFlares":false,"showImageEffects":false,"showParticleSystems":false},"in2DMode":false,"pivot":{"x":-6.760476112365723,"y":0.43994826078414919,"z":0.6369141340255737},"rotation":{"x":-0.38415414094924929,"y":0.04622824490070343,"z":-0.019253689795732499,"w":-0.9219204187393189},"size":12.022723197937012,"orthographic":false}