{"cameraMode":{"drawMode":0,"name":"Shaded","section":"Shading Mode"},"sceneLighting":true,"audioPlay":false,"sceneViewState":{"showFog":false,"showMaterialUpdate":false,"showSkybox":false,"showFlares":false,"showImageEffects":false,"showParticleSystems":false},"in2DMode":false,"pivot":{"x":3.2333414554595949,"y":0.0027605541981756689,"z":-5.4282121658325199},"rotation":{"x":-0.0053403545171022419,"y":-0.8338865637779236,"z":0.5519657135009766,"w":-0.007970266975462437},"size":3.74814772605896,"orthographic":false}