{"cameraMode":{"drawMode":0,"name":"Shaded","section":"Shading Mode"},"sceneLighting":false,"audioPlay":false,"sceneViewState":{"showFog":false,"showMaterialUpdate":false,"showSkybox":false,"showFlares":false,"showImageEffects":false,"showParticleSystems":false},"in2DMode":false,"pivot":{"x":3.6865925788879396,"y":1.3435900211334229,"z":-1.2555820941925049},"rotation":{"x":0.05861350893974304,"y":-0.9274179935455322,"z":0.1641751229763031,"w":0.33109933137893679},"size":4.0992937088012699,"orthographic":false}