{"cameraMode":{"drawMode":0,"name":"Shaded","section":"Shading Mode"},"sceneLighting":true,"audioPlay":false,"sceneViewState":{"showFog":true,"showMaterialUpdate":false,"showSkybox":true,"showFlares":true,"showImageEffects":true,"showParticleSystems":true},"in2DMode":false,"pivot":{"x":-4.296265602111816,"y":-6.856288909912109,"z":-1.1546357870101929},"rotation":{"x":-0.7034110426902771,"y":-0.011301686055958271,"z":0.011187073774635792,"w":-0.7106062769889832},"size":12.9699125289917,"orthographic":false}